2021-03-12T02:13:52+00:00,EXPI YOLO DD continued! ğŸš€,34,22
2021-03-11T23:15:11+00:00,YOLO Reasoning: EXPI,34,16
2021-03-11T15:41:37+00:00,ğŸš€ FLWS Yolo Update ğŸš€,40,25
2021-03-08T06:26:38+00:00,"(PBR) Petroleo Brasileiro Here Is Why I YOLO 37K On IT, Short & Long Terms, Likely To Add More If Drops Further, I think it's a GEM",42,47
2021-03-14T06:23:38+00:00,I finally see the addiction this can cause... Now to yolo it all into GME Monday,164,27
2021-03-14T06:11:22+00:00,24% cash advance + 18% personal loan GME YOLO results. Full ape mode,282,64
2021-03-13T01:44:10+00:00,One year of YOLO plays in the Roth IRA and now the 1 day gains are ~3x the annual contribution limit... throwing an absolute rager in honor of you degenerates when I turn 59.5 ğŸ˜‚,1122,111
2021-03-12T22:11:13+00:00,GME YOLO Update How it started VS How its going,396,38
2021-03-12T18:28:18+00:00,"I turned $1k into $87k with LOGI using sell and roll, and am now going YOLO on AMD.",905,153
2021-03-12T02:11:41+00:00,UNFI YOLO - $46k -> $219k,248,40
2021-03-12T01:45:00+00:00,MP YOLO update pre earnings 3/18. Not financial advice. I heat up gravy and eat it as soup.,10,5
2021-03-10T22:23:00+00:00,"My $6,000.00 YOLO on 3/12 GME 500 calls: at least I made a profit",82,27
2021-03-12T21:48:11+00:00,GME Yolo Loss - 3/12 300C (+138k Peak Wed) - > -27k give me some positive thoughts please,47,48
2021-03-09T02:43:55+00:00,Nvidia YOLO + GME put over the past month,43,31
2021-03-08T00:34:57+00:00,$PLTR yolo update. Am doing this right?,96,34
2021-03-06T19:07:50+00:00,YOLO Dip Buying Results So Far,22,10
2021-03-06T07:51:33+00:00,"I had a stop loss set that was just barely triggered for a brief minute today, selling my shares at a 50% loss. went to buy back in and the shares were 6 dollars more a share all day. just yoloed the remainder into gme..",39,24
2021-03-05T15:45:13+00:00,03/05/21 NIO YOLO update. Increased position barely touched cost average. On the bright side my other YOLO the ğŸ„boom looks like it gaining traction.,15,14
2021-03-05T08:13:17+00:00,YOLO'd my Roth IRA on $BA OTM Options,46,27
2020-12-26T15:32:11+00:00,Me to my risk-averse broker after missing the opportunity to YOLO on GME calls,92,8
2020-12-16T21:14:15+00:00,When you donâ€™t do your own DD and YOLO your money in calls,70,10
2021-03-14T23:57:43+00:00,When everyone in r/wallstreetbets is telling me to put my entire life savings into adopting gorillas instead of a YOLO stock..,0,4
2021-03-03T04:48:24+00:00,"Me, a long time lurker who suddenly YOLOâ€™d on $GME trying to understand how I got myself into this mess.",27440,598
2020-12-28T17:20:52+00:00,YOLO on GME ğŸš€ğŸš€ğŸš€ - will decide if I get married or if I die broke and alone,2142,563
2020-12-19T03:30:19+00:00,Jim Cramer's MOTO YOLO,67,18
2020-12-10T14:20:45+00:00,John Maynard Keynes and the theory of YOLO,75,15
2020-11-27T20:50:34+00:00,u/jagyolo Proof of $300k PLTR Purchase,179,22
2020-11-10T15:08:24+00:00,Full send on yolos,5,5
2020-11-03T18:14:38+00:00,-29k from YOLO 1DTE calls in April to finally breaking even. Itâ€™s been a long journey ğŸ»,309,39
2020-11-01T03:34:48+00:00,If you suck at stocks YOLO something else,3,21
2020-12-18T04:22:36+00:00,Checking your balance after a YOLO (SOUND ON),1012,28
2020-12-11T23:19:50+00:00,U.S. Government in the YOLO options gang ğŸš€,1416,83
2020-11-30T14:34:13+00:00,"EVERYTHING YOU RETARDS DO IS PUBLIC PROPERTY OF TECH COMPANIES, ALL THAT DATA WAITING TO BE SOLD, AND USED AGAINST US, SOONER OR LATER WALL STREET WILL USE US TO MAKE THEM RICHER AND WE WILL REALLY BE YOLOING",27,16
2020-11-28T03:58:09+00:00,"Can anyone get James Austin Johnson, @shrimpJAJ, to do a cameo on Dow Trump Yoloing on $PLTR?",0,2
2020-12-20T02:41:39+00:00,ALTRIA: YOLO Calls next stop the MOON,18,38
2020-12-01T21:05:47+00:00,"I was gonna label this a â€œYOLOâ€ trade but I feel like buying spy calls isnâ€™t as much as a yolo anymore.. My whole idea for these is to hold right before Tesla is added to the spy, is that a good or bad decision ?",6,6
2020-12-08T06:50:48+00:00,(CME) Whoâ€™s ready to yolo on water?,17,18
2020-12-30T16:56:20+00:00,"$36,500 CRSR YOLO (SHARES)",26,64
2020-12-20T02:09:46+00:00,What You Autists Talked about Today - YOLO TSLA CALLS,34,28
2020-12-17T05:27:36+00:00,Even r/stocks are yoloing PLTR ğŸš€ğŸš€ğŸš€ğŸš€,260,21
2020-12-02T05:10:34+00:00,"Was chilling on Runescape when this guy with the name of ""YOLO Calls"" walks in. Having this convo made my fucking day. RSGP tendies to USD tendies",242,47
2020-11-09T22:04:09+00:00,How to calculate Extrinsic Value options P/L? All this time I've been calculating only intrinsic value gain. [ANTI YOLO FLAIR],3,11
2020-12-27T14:39:26+00:00,"One more stock trend for you autists to consider before your next YOLO! I did sentiment analysis for TSLA and GME for the last week from Twitter, Reddit and News articles!",111,34
2021-03-14T23:20:45+00:00,Ya boi is ready!,0,35
2021-03-14T23:04:36+00:00,"DFV tweet - â€I ain't happy, I'm feeling glad I got sunshine in a bag I'm useless but not for long The future is coming onâ€ DD",0,60
2021-03-14T21:55:42+00:00,YOLO,42,7
2021-03-14T18:52:01+00:00,ğŸ’ğŸ™Œ $APHA with my whole 401k through the dip,120,27
2021-03-14T16:34:12+00:00,Whatâ€™s your opinion on NIO leaps?,25,24
2021-03-14T14:43:20+00:00,Took 45k and bought six April $145 calls. After making about 101k rotated the contracts for July expiration. Currently down on the new contracts but I am confident will rocket this week.,44,48
2021-03-14T14:23:38+00:00,Walmart Play. 13K Yolo after 13/16 red days,30,7
2021-03-14T06:25:46+00:00,Retard in need of some advice. What should I do next week?,44,72
2021-03-14T02:44:43+00:00,Letâ€™s get over 300$ per share before the close on Monday.,150,23
2021-03-13T23:21:42+00:00,My stonk journey March 2020,122,15
2021-03-13T23:16:56+00:00,GME YOLO Update: sold all of my calls ITM (I'm an ape but not an idiot) and bought 1400 more shares with the gains. Still holding cuz its free and I love the stock,1750,105
2021-03-13T21:53:59+00:00,10K is not a meme,1311,106
2021-03-13T21:43:07+00:00,Some GME ğŸ’ğŸ¤² for the long weekend,207,25
2021-03-13T21:36:07+00:00,Update from last week I like the stonks ğŸ’ âœ‹ ğŸš€ for ever,95,28
2021-03-13T20:50:36+00:00,"Im not in as much as some people are, however, Iâ€™m not in it for the gain porn Iâ€™m in it to make statement. Whoâ€™s in control? WE ARE!! HLD strong and take back the power! Make a point and stick it to the f$@&nâ€™ Hedgies!",204,20
2021-03-13T20:37:33+00:00,"Glad I bought the dip. Never done a 100% before. Going to sell $65c Jan 2022 calls, buy a truck with the Theta gains and open the app in a year. Good luck Palantards!",531,96
2021-03-13T20:25:56+00:00,YOLOâ€™d my life saving into shares because I donâ€™t know how to buy options.,416,55
2021-03-13T18:47:22+00:00,$76k to $2m RIOT Options Update 3/13/21 ğŸ’ğŸ‘,993,139
2021-03-13T18:31:34+00:00,Maxed out my margin on GME this week. I actually felt the last wrinkle in my brain smooth out. ğŸŒğŸ¦,197,43
2021-03-13T17:54:01+00:00,Made $14mm in 1 year. Finally hit $14 MILLION Friday! (Had 125k May 2019),18082,1219
2021-03-13T16:29:20+00:00,The squeeze is on.. short interest 20% Cathie gives me Wood... $SKLZ I need some ğŸš€ ğŸš€ ğŸš€ in my life!!! Good luck to all apes on $GME!!! SQUEEZE EM GOOD!!!,7,11
2021-03-13T15:14:58+00:00,first time option trading,43,46
2021-03-13T14:54:05+00:00,"I was inspired by u/pakistani_in_MURICA and adopted a 2 year old gorilla, too! Thank you GME tendies! (Linked the website) #ApesAdoptingApes",16045,310
2021-03-13T13:11:36+00:00,Tendies incoming ğŸ’ğŸš€,30,22
2021-03-13T12:25:09+00:00,First time GME owner bought before market close,3079,232
2021-03-13T06:54:38+00:00,pissing my pants,188,58
2021-03-13T04:02:01+00:00,$BB YOLO Update - Need 500k to enter the 7 digit club,173,41
2021-03-13T04:01:59+00:00,PLTR YOLO update â€” Became a multihundredthousandaire this week â€” March 12 2021,414,60
2021-03-13T03:53:52+00:00,2x leverage the whole account. ğŸ˜‚ğŸ˜‚ğŸ˜‚ Time to smoke some Mary Jane!!,31,10
2021-03-13T02:55:14+00:00,Went all in GME. 236 shares. I like the stock!,597,19
2021-03-13T02:10:26+00:00,RKT - Still holding 3/12/21 - I will sell it only when itâ€™s positives - Canâ€™t touch me !,58,43
2021-03-13T02:07:50+00:00,DOWN FOR THE CAUSE ğŸ’âœ‹ğŸ»,69,6
2021-03-13T02:05:25+00:00,A little bit more fuel to help the GME ğŸš€ğŸš€ğŸš€launch.,433,26
2021-03-13T01:58:25+00:00,How much do you think these'll be worth in 2041?,26,29
2021-03-13T01:42:50+00:00,3/12/21 Waiting For SCOTUS. $FNMA $FMCC,19,21
2021-03-13T01:40:01+00:00,Thank you guys... still have some minor doubts.,47,5
2021-03-13T01:34:58+00:00,Buy and hold buy and hold and repeat ğŸš€ğŸš€ğŸš€ğŸš€,94,24
2021-03-13T01:16:16+00:00,GME Diversified Update ğŸ’ğŸ™ŒğŸš€,100,9
2021-03-13T00:48:59+00:00,~90k YOLO in PLTR. And I donâ€™t do that â€œsharesâ€ shit.,175,59
2021-03-13T00:38:20+00:00,412k QQQJ YOLO - March 12th 2021 - Sorry for the extremely late post. I did not feel well at all today and just woke up. Somehow I made money today despite the insane day.,21,37
2021-03-13T00:26:41+00:00,YOLO using 100K of margin to buy Palantir and Apple.,79,34
2021-03-13T00:16:55+00:00,THE BIGGEST AND OLDEST OF MY YOLO... LETâ€™S TAKE THIS WHOLE SHIT DOWN,15,4
2021-03-13T00:07:35+00:00,$100K YOLO on RKT. Waiting to rocket ğŸš€ ğŸš€ ğŸš€,107,91
2021-03-12T23:48:52+00:00,ğŸ’ğŸ™ŒğŸ¼ till 1000,32,31
2021-03-12T23:42:02+00:00,JUST BC CRAMER WOULD SUCK YOUR DICK FOR $BA TO RISE,0,16
2021-03-12T23:37:23+00:00,"In January we anticipated holding for months, âœ‹ğŸ’ğŸ¤š- GME Yolo Update $18kâ€”>$64k",164,2
2021-03-12T23:26:15+00:00,What do we think about this? I think we can do it ğŸ¤ğŸ¼,33,20
2021-03-12T23:24:39+00:00,$TELL yolo week end update,14,10
2021-03-12T23:18:10+00:00,$UWMC AKA THE BETTER $RKT,115,45
2021-03-12T23:12:45+00:00,GME YOLO into more Dimond Hands,110,18
2021-03-12T23:07:17+00:00,"Last Friday, I yoloâ€™d my entire cashapp balance into GME. I like the stock so much I bought more...",359,44
2021-03-12T23:06:44+00:00,AMC YOLO Part III - Money for Nothing,167,20
2021-03-12T22:52:45+00:00,"Averaged up, from 105>138>199. Doubled+ my position this week.",59,8
2021-03-12T22:47:16+00:00,900 Share RBLX YOLO,27,14
2021-03-12T22:37:24+00:00,Fuck it why not ğŸ¦ğŸ¦ğŸŒ™ğŸŒ™,2936,171
2021-03-12T22:27:20+00:00,RBLX YOLO LETS GO BOYZZZ,35,58
2021-03-12T22:25:15+00:00,VIAC YOLO Update - Drinking Bear Tears All Day,265,79
2021-03-12T22:08:07+00:00,PLTR YOLITO STILL GOING STRONG LETS SEE 30+ NEXT WEEK,121,49
2021-03-12T22:02:28+00:00,After measured and careful due diligence over several intense minutes,35,15
2021-03-12T21:53:41+00:00,$MO 3/12/21 update,7,8
2021-03-12T21:52:04+00:00,Hey Elon When you take us to the moon... Letâ€˜s take Tesla to Mars! ğŸš€ğŸ’,56,6
2021-03-12T21:48:04+00:00,"End of Week - YOLO Update: EXPI until I f*cking DIE!!!!!!! ğŸš€ ğŸš€ ğŸš€ ğŸ›¸ ğŸ›¸ ğŸ›¸ğŸ˜˜ â¤ï¸I am not f*cking leaving!!!! IMO EXPI is worth more than Zillow, Redfin, and Compass!!! ğŸ– ğŸ’ğŸ¤š",9,5
2021-03-12T21:38:56+00:00,$100k on GME,211,14
2021-03-12T21:37:42+00:00,"PLTR YOLO 3/12/21, I just like the stock.",55,8
2021-03-12T21:32:44+00:00,Only damn thing that feel will blow up by the end of this month on my list of crappy stocks is ZOMEDICA! hahahah I hope my shares triple bc daddy needs a new truck ğŸ˜ğŸ˜ğŸ˜ğŸ˜ with the truforma launch on the verge of happening I can only pray ğŸ™ğŸ™ğŸ™ğŸ™ğŸ¤‘ğŸ¤‘ğŸ¤‘ğŸ¤‘,6,11
2021-03-12T21:29:22+00:00,I like the stonk,17,6
2021-03-12T21:21:42+00:00,YOLO on the Ugly Stepsister of GME and Meme Stocks,31,12
2021-03-12T21:16:31+00:00,41k YOLO PLTR options..closed above all MA and MACD crossed green..she's ready ğŸš€ğŸš€ğŸš€ğŸ¤“ğŸ¤“ğŸ¤“..Stimmy checks going to RH this weekend..take me to Valhalla,88,19
2021-03-12T21:08:28+00:00,So has anyone checked in on this person?,349,105
2021-03-12T21:06:42+00:00,Suncor (SU) update. 93 call options strong baby. Slow and steady.,15,11
2021-03-12T21:00:05+00:00,WHEN DO I STOP BUYING??????? WHEN HEDGYS START!!!!!!!!!! MARKET SINGLES TILL IM IN A BAG!!!!!!!!!,56,5
2021-03-12T20:49:37+00:00,SEAS Short YOLO - Free the ğŸ³ğŸ³ğŸ³,21,8
2021-03-12T20:27:59+00:00,Ready to go into the weekend ğŸ˜ğŸ’ğŸ™Œ ğŸš€,56,6
2021-03-12T20:17:02+00:00,46 more gme at 270 total of 50 letâ€™s moon my fellow apes!,198,20
2021-03-12T20:06:48+00:00,"CLF Yolo Update. Bought these contracts yesterday, made some gains already.ğŸ˜€",20,19
2021-03-12T20:01:25+00:00,Canâ€™t stop FOMOing! $200k in UWMC!!!,210,64
2021-03-12T19:53:38+00:00,got some more today,1060,69
2021-03-12T19:53:20+00:00,"If you canâ€™t beat them, join them ğŸ¤·ğŸ½â€â™‚ï¸",0,30
2021-03-12T19:09:54+00:00,LEAPS.ai,16,14
2021-03-12T18:50:32+00:00,Reinforcements coming in for you guys,1937,57
2021-03-12T18:49:21+00:00,Diamond Hands and diamond balls,141,11
2021-03-12T18:40:05+00:00,GME - the last stand. Iâ€™ll be letting these options get exercised. Get squozed or go broke,1128,110
2021-03-12T18:32:52+00:00,Please drop to 200 so I can but 5 shares,0,10
2021-03-12T18:25:50+00:00,$DISCA YOLO Call Options Trade! This stock will easily be over $200 by the end of year!,13,3
2021-03-12T18:23:58+00:00,300 call 3/19 ğŸ˜¤ğŸ˜¤ğŸ˜¤ğŸ˜¤ğŸ˜¤ LFGGGGGG! My wifeâ€™s boyfriend must not win! I must win!,115,18
2021-03-12T17:55:05+00:00,"UNFI YOLO - March 12, 2021 - see y'all at 50",49,22
2021-03-12T17:14:47+00:00,Holding gets easier and easier,778,27
2021-03-12T16:29:03+00:00,PROOF OF GME POSITIONS AS REQUESTED!! If GME closes above 500 I will buy kfc and give it out to homeless people tonight :),1444,220
2021-03-12T16:28:02+00:00,PRPL Gang rise up. $30k shares/$6k options.,0,10
2021-03-12T16:26:40+00:00,Anyone else riding BNGO with me to MARS ? 331 shares @ 9.23,14,19
2021-03-12T16:25:05+00:00,Bought a couple RKTs for my GME. Dropped some MCD french fries between the seats ğŸš€ğŸš€,80,21
2021-03-12T16:16:07+00:00,30k 0DTE,197,82
2021-03-12T16:10:15+00:00,Still holding! AMC & GME TO THE MOON! ğŸš€ ğŸ¦ ğŸš€,650,64
2021-03-12T15:35:08+00:00,GME yolo update,246,24
2021-03-12T15:34:42+00:00,The yolo is real ğŸŒš ğŸŒš ğŸŒš ğŸš€,23,8
2021-03-12T15:29:41+00:00,UWMC 24K YOLO 8.28 ...... get to be patient with this stock ...... youknow ....youbuy ...youhold .... here for long run,236,73
2021-03-12T15:20:15+00:00,Sold everything and went all in GME. I LIKE THE STOCK!,8344,303
2021-03-12T15:14:41+00:00,All in,99,10
2021-03-12T15:05:51+00:00,"YOLO Update: EXPI until I f*cking DIE!!!!!!! ğŸš€ ğŸš€ ğŸš€ ğŸ›¸ ğŸ›¸ ğŸ›¸ğŸ˜˜ â¤ï¸I am not f*cking leaving!!!! IMO EXPI is worth more than Zillow, Redfin, and Compass!!! ğŸ– ğŸ’ğŸ¤š Just look at the ROE and EPS!!",0,5
2021-03-12T13:21:14+00:00,"Stimi money on the way, bonus money already here, my smooth brain is telling me to buy the dip! I like the stock so I like the dip! We buy the fucking dip.ğŸ‘ğŸ’ğŸš€ğŸ’°",90,7
2021-03-12T10:17:18+00:00,"Moving to AMC cause wedbush raised targets to 6.50$ per share, and 7$ by b.Riley. Covid is pretty much gone, and stimulus will be a buying spree to go to theaters!",134,136
2021-03-12T09:11:43+00:00,Yolooooo thanks apes,18,32
2021-03-12T06:07:12+00:00,Am I one of you now?,96,23
2021-03-12T04:52:42+00:00,"well, my 11.68 shares are GUARANTEED to be hodl'ed for the next ~7 days bc of transfer....next level smooth brain smooth to lock self out of trading just to tell RH to get fucked",248,61
2021-03-12T04:19:09+00:00,37 GME @$242,433,21
2021-03-12T03:27:22+00:00,"Dropped to 2.2k this morning.. threw 5 grand at the problem... Cathie proceeded to throw another $17,000,000 on top.. WOLF SHORT REPORT GOING UP IN ğŸ”¥ $SKLZ YOLO",43,35
2021-03-12T03:11:37+00:00,Execute options instead of sell moon,80,23
2021-03-12T02:46:31+00:00,GME diversified update ğŸ‘ğŸ’ğŸš€,108,8
2021-03-12T02:44:29+00:00,Diamond Fucking Hands Let's Go ğŸ¦ğŸš€ğŸš€ğŸš€ğŸš€ğŸš€,845,54
2021-03-12T02:18:22+00:00,Gme yolo update. ğŸš€ğŸš€ğŸš€,413,61
2021-03-12T02:15:09+00:00,Holding to the moon my friends. Been in since January!!! Never sold.,152,12
2021-03-12T00:55:15+00:00,Need some good luck my fellow Apes! ğŸ¦ğŸ¦ Bought 8k AMC. I m just a retard cos I like the stonk! ğŸš€ ğŸ‘¨â€ğŸš€(NOT FINANCIAL ADVICE),302,49
2021-03-12T00:53:41+00:00,Before/After AAPL. Had added 100 more calls in between before closing.,53,12
2021-03-12T00:11:50+00:00,$200k YOLO on GME ğŸš€,1067,70
2021-03-12T00:00:35+00:00,"GME Update: My dad finally realized how big of a deal GME is after watching yesterday's activity. He is very proud that I am still holding, and is not worried at all about GME's future!",580,42
2021-03-12T00:00:30+00:00,YOLO put buy because fuck $XOM and I like $$$.,0,21
2021-03-11T23:59:42+00:00,GME & RIOT YOLO update 11 March,17,6
2021-03-11T23:15:15+00:00,YOLO using 100K of margin to buy Palantir and Apple.,87,46
2021-03-11T23:07:59+00:00,What a time to be alive,9,3
2021-03-11T23:07:39+00:00,"Help guys, im stuck what should I do. ğŸ“ˆğŸš€",0,71
2021-03-11T23:04:16+00:00,$AMD YOLO Update - March 11 2021,20,12
2021-03-11T23:02:55+00:00,$RIOT YOLO Update - March 11 2021,12,14
2021-03-11T23:00:05+00:00,$100K on GME shares because Ryan Cohen tweeted a GIF of someone shitting,7084,486
2021-03-11T22:56:18+00:00,GME YOLO update. Legit nothing happened today besides I bought a couple more. ğŸš€ Moon or bust and maybe my wife will take me back and finally leave her boyfriend.,41,7
2021-03-11T22:55:27+00:00,"You guys are insane. I donâ€™t have much to throw at this stock since Iâ€™m currently grinding in school and have bills to pay, and I also got into the game pretty late, so screw it. Donâ€™t me down",73,32
2021-03-11T22:48:51+00:00,"Update 800c: Yes hello? My calls seem defective and have stopped going brr, where can I return them?",40,34
2021-03-11T22:41:13+00:00,"Palantir YOLO 3/11/21, I like the stock.",37,9
2021-03-11T22:40:47+00:00,Bought at 251 selling at 69420 based on what I learned from some apes,52,4
2021-03-11T22:38:37+00:00,AMC ğŸš€ğŸš€ here we go Mother flowers,107,13
2021-03-11T22:36:10+00:00,"UPDATED (PBR) Petroleo Brasileiro YOLO, Short & Long Terms, I think it's a GEM 44K as of Today",0,4
2021-03-11T22:36:01+00:00,24k in SPY puts. Get ready for new all time highs tomorrow,36,37
2021-03-11T22:33:04+00:00,FOMOd back in too. I see your 10k and raise you 5k,55,9
2021-03-11T22:21:58+00:00,VIAC YOLO Update,32,15
2021-03-11T22:08:01+00:00,"Hey Elon, when you take us to the moon.... Let's take Tesla to Mars. ğŸš€ğŸ’",154,11
2021-03-11T21:56:33+00:00,"UPDATE 2 ON GME, TSLA, PLTR YOLO. Long ways to go, comrades!!!!",78,13
2021-03-11T21:49:19+00:00,Yoloâ€™ed my savings into GME. Please help this print,110,50
2021-03-11T21:42:30+00:00,Another retard was born today,285,18
2021-03-11T21:35:18+00:00,Still have 100% GME,71,9
2021-03-11T21:35:12+00:00,Do you remember Palantir? ğŸ’ğŸ¤² 175K YOLO ğŸš€ğŸš€ğŸš€ love Cathie ğŸ’š,84,15
2021-03-11T21:32:14+00:00,500k ROKU yolo,24,19
2021-03-11T21:29:24+00:00,Not even sure how much I've gained or lost anymore. Apparently trade prices have fifteen days to transfer.,17,8
2021-03-11T21:16:49+00:00,Just a flesh wound.,177,11
2021-03-11T21:08:33+00:00,$10K+ $BLNK and $PLUG 0DTE YOLO ğŸš€,10,8
2021-03-11T21:04:11+00:00,412k QQQJ YOLO - March 11th 2021 - I would like to thank all the doubters and for today. A few more days like today this month and boy are we gonna go to the moon.,7,17
2021-03-11T20:59:32+00:00,"Took on you guys and Yolo'ed on Meme Stonks, not a great day, but an ok month.",61,9
2021-03-11T20:57:43+00:00,$RBLX all in ğŸš€ great second day.,0,15
2021-03-11T19:57:26+00:00,"Buying more ASO options, Joe wants a assault weapons ban. The gun rack at academy is about 100 foot long and would trigger any gun grabber.",37,25
2021-03-11T19:44:00+00:00,I Like the Stock.,51,2
2021-03-11T18:49:23+00:00,Yo fucking lo!!!!! ğŸŒš ğŸŒš ğŸŒš,71,53
2021-03-11T18:15:06+00:00,"GME YOLO UPDATE: BACK OVER $5,000,000! (20,000 Shares) âœ‹ğŸ’ğŸ¤š The roller coaster was fun yesterday. ğŸš€ğŸš€ğŸš€ğŸš€ Honestly, I like the stock, Ryan Cohen, cats, games, chicken tendies and whiskey in no particular order.",27217,1257
2021-03-11T17:49:22+00:00,$uwmc yolo 3323 shares at 10.30 ... will take it with me when i am die ... short not gonna get it for cheap,198,58
2021-03-11T17:48:48+00:00,Frankly i dont know what im doing i just saw some DD that steel is getting expensive.,46,40
2021-03-11T17:37:03+00:00,20K yolo leap 12/21 10Call,21,9
2021-03-11T17:21:08+00:00,UWMC update 25k Yolo ğŸš€,193,39
2021-03-11T17:00:49+00:00,Pay me in Robux.,159,48
2021-03-11T16:53:50+00:00,YOLO Update: EXPI until I f*cking DIE!!!!!!! ğŸš€ ğŸš€ ğŸš€ ğŸ›¸ ğŸ›¸ ğŸ›¸ğŸ˜˜ â¤ï¸I am not f*cking leaving!!!! IMO EXPI is worth more than Zillow!!! ğŸ– ğŸ’ğŸ¤š,5,8
2021-03-11T16:52:50+00:00,Sold my other positions and yoloâ€™d everything into GME. I like the stock. Donâ€™t let me down fellow apes.,835,33
2021-03-11T16:31:07+00:00,I Just want my fellow retards to know Iâ€™m with you. Bought 5 more options and 100 more shares this morning. These hedge funds have a much higher short interest than they say. They will lie about their interest. This lie could save them billions. It is their â€œfiduciary responsibilityâ€ to lie.,326,22
2021-03-11T16:25:26+00:00,Just sold all my F and BAC to get into PLTR and NIO. Hoping it nets me the 10K my wife wants for her new nose and lipo by May.,66,32
2021-03-11T16:23:12+00:00,22k yolo on UWMC ğŸš€,162,49
2021-03-11T16:14:06+00:00,Update : RKT 6200 shares ğŸš€ğŸš€ğŸš€,92,20
2021-03-11T16:10:09+00:00,I don't like the stock - 20K SKLZ PUT,5,19
2021-03-11T15:59:59+00:00,Life savings,584,72
2021-03-11T15:46:38+00:00,$DISCA Yolo trade update! This one will be well over $200 by the year end!,2,12
2021-03-11T15:00:27+00:00,GME FOR LIFE YOU DAMN DIRTY APES!,103,5
2021-03-11T14:55:47+00:00,IT KEEPS GOING UP! 7 days to cover and heavily shorted $WWE not financial advice I just follow this stock,0,9
2021-03-11T14:54:41+00:00,"Bought the dip again, we love the dips right?",118,10
2021-03-11T14:51:53+00:00,I threw 90k into GME this morning. Donâ€™t let me down fellow APES. ğŸ¦ğŸš€ğŸ’,10713,614
2021-03-11T14:41:17+00:00,Lets fucking ride it or die,651,35
2021-03-11T14:33:09+00:00,FOMOd back into GME cause im no fucking bitch,4916,249
2021-03-11T12:23:50+00:00,Hold you aped I had 550k at 20 years old at peak I'm going for a million,1690,325
2021-03-11T11:45:29+00:00,400k uwmc yolo,290,63
2021-03-11T11:06:16+00:00,These are MY shares and no one else can have them.,396,33
2021-03-11T09:02:04+00:00,Is this how one YOLOs? Part deux. $1.1M+ in 4/16 $800 call options 2nd attempt,407,132
2021-03-11T07:46:46+00:00,"Bought some more AMC before market close yesterday. They put a limit on 500 shares maximum buy on Revolut, monkey find a way! ğŸš€ ğŸš€ ğŸš€ ğŸš€ ğŸš€ ğŸŒŒ ğŸŒŒ",237,41
2021-03-11T07:15:24+00:00,Got GME on 2 different accounts and I am not! FUCKING! LEAVING!,268,26
2021-03-11T06:49:24+00:00,Asian Ape Checking In,209,29
2021-03-11T06:46:39+00:00,APEs - I am ready for today ! Let make it FLY ! Here to stay ğŸ¦ğŸ¦ğŸ¦ğŸ’ğŸ’ğŸ’,85,6
2021-03-11T06:36:14+00:00,Next big short squeeze thesis Boeing $BA âœˆï¸âœˆï¸âœˆï¸ğŸ’µğŸ’µğŸ’µğŸš€ğŸš€ğŸš€,0,11
2021-03-11T06:24:00+00:00,ğŸ’ ğŸ¦ YOLO ... held through dip to keep avg cost score ğŸ˜‚,59,22
2021-03-11T05:40:38+00:00,STILL HOLDING 29.8k AMC YOLO! Currently awaiting pickup at the international ape station!,144,26
2021-03-11T05:39:44+00:00,All in ğŸ’ ğŸ¦ held through the dip to keep my average cost score ğŸ˜‚,122,66
2021-03-11T04:54:08+00:00,RIOT & GME YOLO,31,24
2021-03-11T04:40:35+00:00,"In all seriousness, how retarded are the apes in WSB? I, myself, have thrown my entire savings into GME.",393,87
2021-03-11T04:21:32+00:00,$RIOT YOLO Update - March 10 2021,7,21
2021-03-11T04:18:25+00:00,Yolo Tesla. Itâ€™s about time !!! Tesla below 700 is ridiculous. Have you tried any other EV cars ? Donâ€™t! They suck dick. Tesla is the real shit !!,30,36
2021-03-11T04:14:22+00:00,GME Yolo! I just wanted to go to the moon...,43,3
2021-03-11T03:37:40+00:00,FLY ME TOOOO THE MOOON PT.2 UPDATE,78,6
2021-03-11T03:18:07+00:00,Obligatory 'I'm still holding after mild heart attack' post,99,2
2021-03-11T02:51:56+00:00,To the moon Apes ğŸš€ğŸš€,62,12
2021-03-11T02:50:14+00:00,Sold All My Other Positions to go 100% into GME,1077,67
2021-03-11T02:46:18+00:00,Still holding RKT > 03/10/21,73,32
2021-03-11T02:40:04+00:00,"Dropped 139k into AMC this morning, let's fly ğŸš€ğŸ“ˆ",354,63
2021-03-11T02:30:55+00:00,"Thank you GME. The multi-day YOLO on March 19 $250 calls paid huge boys. $121,432.54 ğŸ’ğŸ¤². Tendies, retards.",159,19
2021-03-11T02:10:44+00:00,"GğŸ’MEğŸ–ğŸ¥œSTğŸ¸PğŸ¦ğŸš€ğŸš€ğŸš€ğŸš€ğŸš€ğŸŒ•!!! What a beauty! Can wait till it actually moons! I would never consider selling at this price, my personal tgt is 100k a share! Hahaha LET GO!!!",89,24
2021-03-11T02:07:30+00:00,Didnâ€™t even fucking flinch! ğŸ’ğŸ™ŒğŸš€,58,8
2021-03-11T01:43:37+00:00,Iâ€™ll YOLO. LFGO,39,1
2021-03-11T01:41:16+00:00,"YOLO on PBR - ended up buying some oil instead - WTF , I canâ€™t drink oil God Damn you allll.",12,9
2021-03-11T01:39:39+00:00,"Didn't sell at -40k, bought 800c for Friday. Was up 90k before it tumbled. Still holding.",87,40
2021-03-11T01:06:30+00:00,$RKT 5100 shares ğŸš€ğŸš€ğŸš€,83,16
2021-03-11T01:05:46+00:00,Gme yolo update. Picked up a few extra shares on the dip. ğŸš€ğŸš€,190,25
2021-03-11T00:45:12+00:00,IF I CAN HOLD SO CAN YOU ğŸ’ğŸ¤²ğŸ’,85,5
2021-03-11T00:34:05+00:00,I think they underestimate my stupidity ğŸš€ğŸš€ğŸš€ğŸ’ğŸš€ğŸš€ğŸš€,122,10
2021-03-11T00:15:00+00:00,"Well I survived today's onslaught, where are my ğŸ’ğŸ’ğŸ’ handed apes ğŸ¦ğŸ¦ğŸ¦?",1012,101
2021-03-11T00:11:54+00:00,$75k GME YOLO SHORT. May the best retard win,285,77
2021-03-11T00:02:49+00:00,AMC They said weâ€™re going to a penny LMAO,172,30
2021-03-10T23:52:47+00:00,The rocket appears to have stalled ...,13,44
2021-03-10T23:45:11+00:00,Baby Ape: Put in almost 5k today. Plan on putting entire savings (15k) tomorrow morning! Going Stupid...Wish me luck,105,45
2021-03-10T23:34:18+00:00,GME diversified update. BTFD edition,25,3
2021-03-10T23:32:37+00:00,Future bag holder here reporting for duty... im in.,172,18
2021-03-10T23:31:33+00:00,Subbed 6 weeks ago. HODLing. Unfortunately I didn't have funds to buy more in the latest dip.,31,1
2021-03-10T23:16:28+00:00,"BHC (Bausch Health) YOLO 400k, 160k gain so far, still has room to run. Icahn on the board as an activist investor now. CEO Joe Papa paying down debt like mad.",19,22
2021-03-10T23:07:52+00:00,IF I CAN HOLD FROM JANUARY SO YOU CAN HOLD FEW DAYS THROUGH SMALL DIPS LIKE THIS ONE TODAY,45,3
2021-03-10T23:07:19+00:00,I saw the light for just a moment before it got snatched away but I'm still holding ğŸ’ğŸ™Œ,44,8
2021-03-10T22:57:19+00:00,YOLO using 100k of margin to buy Apple and Palantir. Flat all day.,38,12
2021-03-10T22:55:16+00:00,If I didnâ€™t sell up $25K why the fuck would I sell after that pathetic attempt & manipulation? Thanks for the discounted 5 extra shares today ğŸ¥° this retard thought he was done buying. APES ONLY KNOW BUY AND HOLD WHEN WILL THEY LEARN,106,4
2021-03-10T22:10:49+00:00,RIDING THE GME DEATH FALL. PRO ROBINHOOD DAY TRADING. FILL OR NO FILL? MOBILE APP ONLY! YA YA YA YA APE STRONG,7,8
2021-03-10T22:04:32+00:00,"You son of a bitch, Iâ€™m in. $20k on GME",1304,75
2021-03-10T21:38:26+00:00,UNFI YOLO - Post Earnings Update,58,17
2021-03-10T21:31:49+00:00,VIAC YOLO Update,50,13
2021-03-10T21:14:50+00:00,412K QQQJ YOLO - March 10th 2021 - Looks like there is some hope of recovery as QQQJ again outperforms QQQ. Sorry for the late post but it may become more common as it gets Closer to June.,25,23
2021-03-10T21:14:28+00:00,"AMD YOLO on CC loan, good move right?",23,21
2021-03-10T21:11:39+00:00,When you come to help and it works flawlessly.,85,12
2021-03-10T21:10:30+00:00,I legit always make the worst plays. ğŸ˜,44,48
2021-03-10T21:04:09+00:00,My AMC anti-puts had a bit of an oopsie today,11,9
2021-03-10T21:03:28+00:00,Bought the dip!,107,8
2021-03-10T21:03:21+00:00,IM STILL FUCKING HERE NICE TRY SHORTS.,480,26
2021-03-10T20:59:24+00:00,"Thanks, WSB! Made first investments this week while job hunting after being let go after 26 years... (Pssssst. Ignore the pot stock)",44,3
2021-03-10T20:58:40+00:00,I like the stock,35,2
2021-03-10T20:58:14+00:00,Listen here smooth brains. I had half my account on $GME at $120 average when we got put on SSR. So I went full tard and dropped penny I have on it. Position 90k - 355 moon tickets and 1 contract 3/19 $300 strike.,70,9
2021-03-10T20:55:16+00:00,Avg down to $9.35 from $12.25... UWMC,123,39
2021-03-10T20:36:57+00:00,Why I am not worried,29,7
2021-03-10T20:36:37+00:00,Hi Fuckers itâ€™s me again the broke college kid. Thank you papa elon ğŸ™ŒğŸ½ğŸ’. Losers told me iâ€™d never see the light of day.,16,6
2021-03-10T20:36:09+00:00,"Gonna own GameStop Update - Mar 10, 2021 (Drop the Price Again. I Dare You)",252,18
2021-03-10T20:21:48+00:00,You donâ€™t scare me. Iâ€™m retarded. ğŸ’ğŸ™ŒğŸ¾,367,21
2021-03-10T19:53:33+00:00,NYSE halts GME trading 6 times in less that 1 hour time frame! Hedgies are so scared and eating Apes poo!,144,40
2021-03-10T19:52:02+00:00,Just closed my other stonks and increased my GME position 30k. I like the Stock,821,21
2021-03-10T19:43:41+00:00,"BECAUSE YOU GUYS CAME BACK FOR ME, I BOUGHT THE DIP AND DOUBLED DOWNED FOR YOU MY FAMILY!!! LFFFGGG ğŸš€ğŸš€ğŸš€ğŸš€",3635,117
2021-03-10T19:38:10+00:00,Gosh damn imagine all the robux ima get,0,13
2021-03-10T19:18:25+00:00,whereâ€™s my tendie man ğŸ¤ğŸ¤ğŸ¤,103,10
2021-03-10T19:18:14+00:00,A little swing to start with ğŸ¦§ğŸ‘ğŸ¿.,28,19
2021-03-10T19:00:17+00:00,100K Student Loan YOLO $ASO calm before the stormğŸš€,252,102
2021-03-10T18:52:08+00:00,Sold at top and caught the dip perfect back to the moon boys ğŸš€ğŸ‘ğŸ¾ğŸ’,0,77
2021-03-10T18:51:38+00:00,Is this how you do it? 100k into gme. Stand strong boys!!ğŸ’ğŸ¤š,875,37
2021-03-10T18:47:26+00:00,Threw another 10k when I saw that delicious dip the hedgies so kindly laid out for us. Itâ€™s purely principle at this point ğŸš€,1082,32
2021-03-10T18:46:19+00:00,tried to buy the dip but it failed. just turns out i had no capital left to buy,55,6
2021-03-10T18:44:56+00:00,Switched my gme at 330 to rob lox and never felt more smarter. #robloxnextgme,0,23
2021-03-10T18:41:47+00:00,Iâ€™m another late retard that just joined today.,129,18
2021-03-10T18:37:49+00:00,Hodl hodl hodl! ğŸ¦ Me ape want more bananasğŸŒ,161,10
